Data. Index (generated),Date,Dev By,Document Index (generated),Sever By,Source,Update Date,Confirmed,Deaths,Hospitalized,New Confirmed,New Deaths,New Hospitalized,New Recovered,Number of Records per timeline.json,Recovered
1,1/1/20,https://www.kidkarnmai.com/,1,https://smilehost.asia/,https://covid19.th-stat.com/,16/05/2021 11:50,0,0,0,0,0,0,0,1,0
2,1/2/20,https://www.kidkarnmai.com/,1,https://smilehost.asia/,https://covid19.th-stat.com/,16/05/2021 11:50,0,0,0,0,0,0,0,1,0
3,1/3/20,https://www.kidkarnmai.com/,1,https://smilehost.asia/,https://covid19.th-stat.com/,16/05/2021 11:50,0,0,0,0,0,0,0,1,0
4,1/4/20,https://www.kidkarnmai.com/,1,https://smilehost.asia/,https://covid19.th-stat.com/,16/05/2021 11:50,0,0,0,0,0,0,0,1,0
5,1/5/20,https://www.kidkarnmai.com/,1,https://smilehost.asia/,https://covid19.th-stat.com/,16/05/2021 11:50,0,0,0,0,0,0,0,1,0
6,1/6/20,https://www.kidkarnmai.com/,1,https://smilehost.asia/,https://covid19.th-stat.com/,16/05/2021 11:50,0,0,0,0,0,0,0,1,0
7,1/7/20,https://www.kidkarnmai.com/,1,https://smilehost.asia/,https://covid19.th-stat.com/,16/05/2021 11:50,0,0,0,0,0,0,0,1,0
8,1/8/20,https://www.kidkarnmai.com/,1,https://smilehost.asia/,https://covid19.th-stat.com/,16/05/2021 11:50,0,0,0,0,0,0,0,1,0
9,1/9/20,https://www.kidkarnmai.com/,1,https://smilehost.asia/,https://covid19.th-stat.com/,16/05/2021 11:50,0,0,0,0,0,0,0,1,0
10,1/10/20,https://www.kidkarnmai.com/,1,https://smilehost.asia/,https://covid19.th-stat.com/,16/05/2021 11:50,0,0,0,0,0,0,0,1,0
11,1/11/20,https://www.kidkarnmai.com/,1,https://smilehost.asia/,https://covid19.th-stat.com/,16/05/2021 11:50,0,0,0,0,0,0,0,1,0
12,1/12/20,https://www.kidkarnmai.com/,1,https://smilehost.asia/,https://covid19.th-stat.com/,16/05/2021 11:50,1,0,1,1,0,1,0,1,0
13,1/13/20,https://www.kidkarnmai.com/,1,https://smilehost.asia/,https://covid19.th-stat.com/,16/05/2021 11:50,1,0,1,0,0,0,0,1,0
14,1/14/20,https://www.kidkarnmai.com/,1,https://smilehost.asia/,https://covid19.th-stat.com/,16/05/2021 11:50,1,0,1,0,0,0,0,1,0
15,1/15/20,https://www.kidkarnmai.com/,1,https://smilehost.asia/,https://covid19.th-stat.com/,16/05/2021 11:50,1,0,1,0,0,0,0,1,0
16,1/16/20,https://www.kidkarnmai.com/,1,https://smilehost.asia/,https://covid19.th-stat.com/,16/05/2021 11:50,1,0,1,0,0,0,0,1,0
17,1/17/20,https://www.kidkarnmai.com/,1,https://smilehost.asia/,https://covid19.th-stat.com/,16/05/2021 11:50,2,0,2,1,0,1,0,1,0
18,1/18/20,https://www.kidkarnmai.com/,1,https://smilehost.asia/,https://covid19.th-stat.com/,16/05/2021 11:50,2,0,1,0,0,-1,1,1,1
19,1/19/20,https://www.kidkarnmai.com/,1,https://smilehost.asia/,https://covid19.th-stat.com/,16/05/2021 11:50,2,0,1,0,0,0,0,1,1
20,1/20/20,https://www.kidkarnmai.com/,1,https://smilehost.asia/,https://covid19.th-stat.com/,16/05/2021 11:50,2,0,1,0,0,0,0,1,1
21,1/21/20,https://www.kidkarnmai.com/,1,https://smilehost.asia/,https://covid19.th-stat.com/,16/05/2021 11:50,2,0,0,0,0,-1,1,1,2
22,1/22/20,https://www.kidkarnmai.com/,1,https://smilehost.asia/,https://covid19.th-stat.com/,16/05/2021 11:50,4,0,2,2,0,2,0,1,2
23,1/23/20,https://www.kidkarnmai.com/,1,https://smilehost.asia/,https://covid19.th-stat.com/,16/05/2021 11:50,4,0,2,0,0,0,0,1,2
24,1/24/20,https://www.kidkarnmai.com/,1,https://smilehost.asia/,https://covid19.th-stat.com/,16/05/2021 11:50,5,0,2,1,0,0,1,1,3
25,1/25/20,https://www.kidkarnmai.com/,1,https://smilehost.asia/,https://covid19.th-stat.com/,16/05/2021 11:50,6,0,3,1,0,1,0,1,3
26,1/26/20,https://www.kidkarnmai.com/,1,https://smilehost.asia/,https://covid19.th-stat.com/,16/05/2021 11:50,8,0,2,2,0,-1,3,1,6
27,1/27/20,https://www.kidkarnmai.com/,1,https://smilehost.asia/,https://covid19.th-stat.com/,16/05/2021 11:50,8,0,2,0,0,0,0,1,6
28,1/28/20,https://www.kidkarnmai.com/,1,https://smilehost.asia/,https://covid19.th-stat.com/,16/05/2021 11:50,14,0,8,6,0,6,0,1,6
29,1/29/20,https://www.kidkarnmai.com/,1,https://smilehost.asia/,https://covid19.th-stat.com/,16/05/2021 11:50,14,0,8,0,0,0,0,1,6
30,1/30/20,https://www.kidkarnmai.com/,1,https://smilehost.asia/,https://covid19.th-stat.com/,16/05/2021 11:50,14,0,7,0,0,-1,1,1,7
31,1/31/20,https://www.kidkarnmai.com/,1,https://smilehost.asia/,https://covid19.th-stat.com/,16/05/2021 11:50,19,0,11,5,0,4,1,1,8
32,2/1/20,https://www.kidkarnmai.com/,1,https://smilehost.asia/,https://covid19.th-stat.com/,16/05/2021 11:50,19,0,11,0,0,0,0,1,8
33,2/2/20,https://www.kidkarnmai.com/,1,https://smilehost.asia/,https://covid19.th-stat.com/,16/05/2021 11:50,19,0,10,0,0,-1,1,1,9
34,2/3/20,https://www.kidkarnmai.com/,1,https://smilehost.asia/,https://covid19.th-stat.com/,16/05/2021 11:50,19,0,10,0,0,0,0,1,9
35,2/4/20,https://www.kidkarnmai.com/,1,https://smilehost.asia/,https://covid19.th-stat.com/,16/05/2021 11:50,25,0,15,6,0,5,1,1,10
36,2/5/20,https://www.kidkarnmai.com/,1,https://smilehost.asia/,https://covid19.th-stat.com/,16/05/2021 11:50,25,0,15,0,0,0,0,1,10
37,2/6/20,https://www.kidkarnmai.com/,1,https://smilehost.asia/,https://covid19.th-stat.com/,16/05/2021 11:50,25,0,15,0,0,0,0,1,10
38,2/7/20,https://www.kidkarnmai.com/,1,https://smilehost.asia/,https://covid19.th-stat.com/,16/05/2021 11:50,25,0,15,0,0,0,0,1,10
39,2/8/20,https://www.kidkarnmai.com/,1,https://smilehost.asia/,https://covid19.th-stat.com/,16/05/2021 11:50,32,0,22,7,0,7,0,1,10
40,2/9/20,https://www.kidkarnmai.com/,1,https://smilehost.asia/,https://covid19.th-stat.com/,16/05/2021 11:50,32,0,21,0,0,-1,1,1,11
41,2/10/20,https://www.kidkarnmai.com/,1,https://smilehost.asia/,https://covid19.th-stat.com/,16/05/2021 11:50,32,0,21,0,0,0,0,1,11
42,2/11/20,https://www.kidkarnmai.com/,1,https://smilehost.asia/,https://covid19.th-stat.com/,16/05/2021 11:50,33,0,22,1,0,1,0,1,11
43,2/12/20,https://www.kidkarnmai.com/,1,https://smilehost.asia/,https://covid19.th-stat.com/,16/05/2021 11:50,33,0,22,0,0,0,0,1,11
44,2/13/20,https://www.kidkarnmai.com/,1,https://smilehost.asia/,https://covid19.th-stat.com/,16/05/2021 11:50,33,0,22,0,0,0,0,1,11
45,2/14/20,https://www.kidkarnmai.com/,1,https://smilehost.asia/,https://covid19.th-stat.com/,16/05/2021 11:50,33,0,22,0,0,0,0,1,11
46,2/15/20,https://www.kidkarnmai.com/,1,https://smilehost.asia/,https://covid19.th-stat.com/,16/05/2021 11:50,34,0,21,1,0,-1,2,1,13
47,2/16/20,https://www.kidkarnmai.com/,1,https://smilehost.asia/,https://covid19.th-stat.com/,16/05/2021 11:50,34,0,19,0,0,-2,2,1,15
48,2/17/20,https://www.kidkarnmai.com/,1,https://smilehost.asia/,https://covid19.th-stat.com/,16/05/2021 11:50,35,0,20,1,0,1,0,1,15
49,2/18/20,https://www.kidkarnmai.com/,1,https://smilehost.asia/,https://covid19.th-stat.com/,16/05/2021 11:50,35,0,20,0,0,0,0,1,15
50,2/19/20,https://www.kidkarnmai.com/,1,https://smilehost.asia/,https://covid19.th-stat.com/,16/05/2021 11:50,35,0,20,0,0,0,0,1,15
51,2/20/20,https://www.kidkarnmai.com/,1,https://smilehost.asia/,https://covid19.th-stat.com/,16/05/2021 11:50,35,0,18,0,0,-2,2,1,17
52,2/21/20,https://www.kidkarnmai.com/,1,https://smilehost.asia/,https://covid19.th-stat.com/,16/05/2021 11:50,35,0,16,0,0,-2,2,1,19
53,2/22/20,https://www.kidkarnmai.com/,1,https://smilehost.asia/,https://covid19.th-stat.com/,16/05/2021 11:50,35,0,15,0,0,-1,1,1,20
54,2/23/20,https://www.kidkarnmai.com/,1,https://smilehost.asia/,https://covid19.th-stat.com/,16/05/2021 11:50,35,0,14,0,0,-1,1,1,21
55,2/24/20,https://www.kidkarnmai.com/,1,https://smilehost.asia/,https://covid19.th-stat.com/,16/05/2021 11:50,35,0,14,0,0,0,0,1,21
56,2/25/20,https://www.kidkarnmai.com/,1,https://smilehost.asia/,https://covid19.th-stat.com/,16/05/2021 11:50,37,0,15,2,0,1,1,1,22
57,2/26/20,https://www.kidkarnmai.com/,1,https://smilehost.asia/,https://covid19.th-stat.com/,16/05/2021 11:50,40,0,16,3,0,1,2,1,24
58,2/27/20,https://www.kidkarnmai.com/,1,https://smilehost.asia/,https://covid19.th-stat.com/,16/05/2021 11:50,40,0,16,0,0,0,0,1,24
59,2/28/20,https://www.kidkarnmai.com/,1,https://smilehost.asia/,https://covid19.th-stat.com/,16/05/2021 11:50,41,0,13,1,0,-3,4,1,28
60,2/29/20,https://www.kidkarnmai.com/,1,https://smilehost.asia/,https://covid19.th-stat.com/,16/05/2021 11:50,42,0,14,1,0,1,0,1,28
61,3/1/20,https://www.kidkarnmai.com/,1,https://smilehost.asia/,https://covid19.th-stat.com/,16/05/2021 11:50,42,1,11,0,1,-3,2,1,30
62,3/2/20,https://www.kidkarnmai.com/,1,https://smilehost.asia/,https://covid19.th-stat.com/,16/05/2021 11:50,43,1,11,1,0,0,1,1,31
63,3/3/20,https://www.kidkarnmai.com/,1,https://smilehost.asia/,https://covid19.th-stat.com/,16/05/2021 11:50,43,1,11,0,0,0,0,1,31
64,3/4/20,https://www.kidkarnmai.com/,1,https://smilehost.asia/,https://covid19.th-stat.com/,16/05/2021 11:50,43,1,11,0,0,0,0,1,31
65,3/5/20,https://www.kidkarnmai.com/,1,https://smilehost.asia/,https://covid19.th-stat.com/,16/05/2021 11:50,47,1,15,4,0,4,0,1,31
66,3/6/20,https://www.kidkarnmai.com/,1,https://smilehost.asia/,https://covid19.th-stat.com/,16/05/2021 11:50,48,1,16,1,0,1,0,1,31
67,3/7/20,https://www.kidkarnmai.com/,1,https://smilehost.asia/,https://covid19.th-stat.com/,16/05/2021 11:50,50,1,18,2,0,2,0,1,31
68,3/8/20,https://www.kidkarnmai.com/,1,https://smilehost.asia/,https://covid19.th-stat.com/,16/05/2021 11:50,50,1,16,0,0,-2,2,1,33
69,3/9/20,https://www.kidkarnmai.com/,1,https://smilehost.asia/,https://covid19.th-stat.com/,16/05/2021 11:50,50,1,16,0,0,0,0,1,33
70,3/10/20,https://www.kidkarnmai.com/,1,https://smilehost.asia/,https://covid19.th-stat.com/,16/05/2021 11:50,53,1,19,3,0,3,0,1,33
71,3/11/20,https://www.kidkarnmai.com/,1,https://smilehost.asia/,https://covid19.th-stat.com/,16/05/2021 11:50,59,1,24,6,0,5,1,1,34
72,3/12/20,https://www.kidkarnmai.com/,1,https://smilehost.asia/,https://covid19.th-stat.com/,16/05/2021 11:50,70,1,34,11,0,10,1,1,35
73,3/13/20,https://www.kidkarnmai.com/,1,https://smilehost.asia/,https://covid19.th-stat.com/,16/05/2021 11:50,75,1,39,5,0,5,0,1,35
74,3/14/20,https://www.kidkarnmai.com/,1,https://smilehost.asia/,https://covid19.th-stat.com/,16/05/2021 11:50,82,1,46,7,0,7,0,1,35
75,3/15/20,https://www.kidkarnmai.com/,1,https://smilehost.asia/,https://covid19.th-stat.com/,16/05/2021 11:50,114,1,76,32,0,30,2,1,37
76,3/16/20,https://www.kidkarnmai.com/,1,https://smilehost.asia/,https://covid19.th-stat.com/,16/05/2021 11:50,147,1,108,33,0,32,1,1,38
77,3/17/20,https://www.kidkarnmai.com/,1,https://smilehost.asia/,https://covid19.th-stat.com/,16/05/2021 11:50,177,1,135,30,0,27,3,1,41
78,3/18/20,https://www.kidkarnmai.com/,1,https://smilehost.asia/,https://covid19.th-stat.com/,16/05/2021 11:50,212,1,169,35,0,34,1,1,42
79,3/19/20,https://www.kidkarnmai.com/,1,https://smilehost.asia/,https://covid19.th-stat.com/,16/05/2021 11:50,272,1,229,60,0,60,0,1,42
80,3/20/20,https://www.kidkarnmai.com/,1,https://smilehost.asia/,https://covid19.th-stat.com/,16/05/2021 11:50,322,1,278,50,0,49,1,1,43
81,3/21/20,https://www.kidkarnmai.com/,1,https://smilehost.asia/,https://covid19.th-stat.com/,16/05/2021 11:50,411,1,366,89,0,88,1,1,44
82,3/22/20,https://www.kidkarnmai.com/,1,https://smilehost.asia/,https://covid19.th-stat.com/,16/05/2021 11:50,599,1,553,188,0,187,1,1,45
83,3/23/20,https://www.kidkarnmai.com/,1,https://smilehost.asia/,https://covid19.th-stat.com/,16/05/2021 11:50,721,1,668,122,0,115,7,1,52
84,3/24/20,https://www.kidkarnmai.com/,1,https://smilehost.asia/,https://covid19.th-stat.com/,16/05/2021 11:50,827,4,766,106,3,98,5,1,57
85,3/25/20,https://www.kidkarnmai.com/,1,https://smilehost.asia/,https://covid19.th-stat.com/,16/05/2021 11:50,934,4,860,107,0,94,13,1,70
86,3/26/20,https://www.kidkarnmai.com/,1,https://smilehost.asia/,https://covid19.th-stat.com/,16/05/2021 11:50,1045,4,953,111,0,93,18,1,88
87,3/27/20,https://www.kidkarnmai.com/,1,https://smilehost.asia/,https://covid19.th-stat.com/,16/05/2021 11:50,1136,5,1034,91,1,81,9,1,97
88,3/28/20,https://www.kidkarnmai.com/,1,https://smilehost.asia/,https://covid19.th-stat.com/,16/05/2021 11:50,1245,6,1139,109,1,105,3,1,100
89,3/29/20,https://www.kidkarnmai.com/,1,https://smilehost.asia/,https://covid19.th-stat.com/,16/05/2021 11:50,1388,7,1270,143,1,131,11,1,111
90,3/30/20,https://www.kidkarnmai.com/,1,https://smilehost.asia/,https://covid19.th-stat.com/,16/05/2021 11:50,1524,9,1388,136,2,118,16,1,127
91,3/31/20,https://www.kidkarnmai.com/,1,https://smilehost.asia/,https://covid19.th-stat.com/,16/05/2021 11:50,1651,10,1299,127,1,-89,215,1,342
92,4/1/20,https://www.kidkarnmai.com/,1,https://smilehost.asia/,https://covid19.th-stat.com/,16/05/2021 11:50,1771,12,1343,120,2,44,74,1,416
93,4/2/20,https://www.kidkarnmai.com/,1,https://smilehost.asia/,https://covid19.th-stat.com/,16/05/2021 11:50,1875,15,1355,104,3,12,89,1,505
94,4/3/20,https://www.kidkarnmai.com/,1,https://smilehost.asia/,https://covid19.th-stat.com/,16/05/2021 11:50,1978,19,1378,103,4,23,76,1,581
95,4/4/20,https://www.kidkarnmai.com/,1,https://smilehost.asia/,https://covid19.th-stat.com/,16/05/2021 11:50,2067,20,1435,89,1,57,31,1,612
96,4/5/20,https://www.kidkarnmai.com/,1,https://smilehost.asia/,https://covid19.th-stat.com/,16/05/2021 11:50,2169,23,1472,102,3,37,62,1,674
97,4/6/20,https://www.kidkarnmai.com/,1,https://smilehost.asia/,https://covid19.th-stat.com/,16/05/2021 11:50,2220,26,1401,51,3,-71,119,1,793
98,4/7/20,https://www.kidkarnmai.com/,1,https://smilehost.asia/,https://covid19.th-stat.com/,16/05/2021 11:50,2258,27,1407,38,1,6,31,1,824
99,4/8/20,https://www.kidkarnmai.com/,1,https://smilehost.asia/,https://covid19.th-stat.com/,16/05/2021 11:50,2369,30,1451,111,3,44,64,1,888
100,4/9/20,https://www.kidkarnmai.com/,1,https://smilehost.asia/,https://covid19.th-stat.com/,16/05/2021 11:50,2423,32,1451,54,2,0,52,1,940
101,4/10/20,https://www.kidkarnmai.com/,1,https://smilehost.asia/,https://covid19.th-stat.com/,16/05/2021 11:50,2473,33,1427,50,1,-24,73,1,1013
102,4/11/20,https://www.kidkarnmai.com/,1,https://smilehost.asia/,https://covid19.th-stat.com/,16/05/2021 11:50,2518,35,1348,45,2,-79,122,1,1135
103,4/12/20,https://www.kidkarnmai.com/,1,https://smilehost.asia/,https://covid19.th-stat.com/,16/05/2021 11:50,2551,38,1295,33,3,-53,83,1,1218
104,4/13/20,https://www.kidkarnmai.com/,1,https://smilehost.asia/,https://covid19.th-stat.com/,16/05/2021 11:50,2579,40,1251,28,2,-44,70,1,1288
105,4/14/20,https://www.kidkarnmai.com/,1,https://smilehost.asia/,https://covid19.th-stat.com/,16/05/2021 11:50,2613,41,1167,34,1,-84,117,1,1405
106,4/15/20,https://www.kidkarnmai.com/,1,https://smilehost.asia/,https://covid19.th-stat.com/,16/05/2021 11:50,2643,43,1103,30,2,-64,92,1,1497
107,4/16/20,https://www.kidkarnmai.com/,1,https://smilehost.asia/,https://covid19.th-stat.com/,16/05/2021 11:50,2672,46,1033,29,3,-70,96,1,1593
108,4/17/20,https://www.kidkarnmai.com/,1,https://smilehost.asia/,https://covid19.th-stat.com/,16/05/2021 11:50,2700,47,964,28,1,-69,96,1,1689
109,4/18/20,https://www.kidkarnmai.com/,1,https://smilehost.asia/,https://covid19.th-stat.com/,16/05/2021 11:50,2733,47,899,33,0,-65,98,1,1787
110,4/19/20,https://www.kidkarnmai.com/,1,https://smilehost.asia/,https://covid19.th-stat.com/,16/05/2021 11:50,2765,47,790,32,0,-109,141,1,1928
111,4/20/20,https://www.kidkarnmai.com/,1,https://smilehost.asia/,https://covid19.th-stat.com/,16/05/2021 11:50,2792,47,746,27,0,-44,71,1,1999
112,4/21/20,https://www.kidkarnmai.com/,1,https://smilehost.asia/,https://covid19.th-stat.com/,16/05/2021 11:50,2811,48,655,19,1,-91,109,1,2108
113,4/22/20,https://www.kidkarnmai.com/,1,https://smilehost.asia/,https://covid19.th-stat.com/,16/05/2021 11:50,2826,49,425,15,1,-230,244,1,2352
114,4/23/20,https://www.kidkarnmai.com/,1,https://smilehost.asia/,https://covid19.th-stat.com/,16/05/2021 11:50,2839,50,359,13,1,-66,78,1,2430
115,4/24/20,https://www.kidkarnmai.com/,1,https://smilehost.asia/,https://covid19.th-stat.com/,16/05/2021 11:50,2854,50,314,15,0,-45,60,1,2490
116,4/25/20,https://www.kidkarnmai.com/,1,https://smilehost.asia/,https://covid19.th-stat.com/,16/05/2021 11:50,2907,51,309,53,1,-5,57,1,2547
117,4/26/20,https://www.kidkarnmai.com/,1,https://smilehost.asia/,https://covid19.th-stat.com/,16/05/2021 11:50,2922,51,277,15,0,-32,47,1,2594
118,4/27/20,https://www.kidkarnmai.com/,1,https://smilehost.asia/,https://covid19.th-stat.com/,16/05/2021 11:50,2931,52,270,9,1,-7,15,1,2609
119,4/28/20,https://www.kidkarnmai.com/,1,https://smilehost.asia/,https://covid19.th-stat.com/,16/05/2021 11:50,2938,54,232,7,2,-38,43,1,2652
120,4/29/20,https://www.kidkarnmai.com/,1,https://smilehost.asia/,https://covid19.th-stat.com/,16/05/2021 11:50,2947,54,228,9,0,-4,13,1,2665
121,4/30/20,https://www.kidkarnmai.com/,1,https://smilehost.asia/,https://covid19.th-stat.com/,16/05/2021 11:50,2954,54,213,7,0,-15,22,1,2687
122,5/1/20,https://www.kidkarnmai.com/,1,https://smilehost.asia/,https://covid19.th-stat.com/,16/05/2021 11:50,2960,54,187,6,0,-26,32,1,2719
123,5/2/20,https://www.kidkarnmai.com/,1,https://smilehost.asia/,https://covid19.th-stat.com/,16/05/2021 11:50,2966,54,180,6,0,-7,13,1,2732
124,5/3/20,https://www.kidkarnmai.com/,1,https://smilehost.asia/,https://covid19.th-stat.com/,16/05/2021 11:50,2969,54,176,3,0,-4,7,1,2739
125,5/4/20,https://www.kidkarnmai.com/,1,https://smilehost.asia/,https://covid19.th-stat.com/,16/05/2021 11:50,2987,54,193,18,0,17,1,1,2740
126,5/5/20,https://www.kidkarnmai.com/,1,https://smilehost.asia/,https://covid19.th-stat.com/,16/05/2021 11:50,2988,54,187,1,0,-6,7,1,2747
127,5/6/20,https://www.kidkarnmai.com/,1,https://smilehost.asia/,https://covid19.th-stat.com/,16/05/2021 11:50,2989,55,173,1,1,-14,14,1,2761
128,5/7/20,https://www.kidkarnmai.com/,1,https://smilehost.asia/,https://covid19.th-stat.com/,16/05/2021 11:50,2992,55,165,3,0,-8,11,1,2772
129,5/8/20,https://www.kidkarnmai.com/,1,https://smilehost.asia/,https://covid19.th-stat.com/,16/05/2021 11:50,3000,55,161,8,0,-4,12,1,2784
130,5/9/20,https://www.kidkarnmai.com/,1,https://smilehost.asia/,https://covid19.th-stat.com/,16/05/2021 11:50,3004,56,161,4,1,0,3,1,2787
131,5/10/20,https://www.kidkarnmai.com/,1,https://smilehost.asia/,https://covid19.th-stat.com/,16/05/2021 11:50,3009,56,159,5,0,-2,7,1,2794
132,5/11/20,https://www.kidkarnmai.com/,1,https://smilehost.asia/,https://covid19.th-stat.com/,16/05/2021 11:50,3015,56,163,6,0,4,2,1,2796
133,5/12/20,https://www.kidkarnmai.com/,1,https://smilehost.asia/,https://covid19.th-stat.com/,16/05/2021 11:50,3017,56,163,2,0,0,2,1,2798
134,5/13/20,https://www.kidkarnmai.com/,1,https://smilehost.asia/,https://covid19.th-stat.com/,16/05/2021 11:50,3017,56,117,0,0,-46,46,1,2844
135,5/14/20,https://www.kidkarnmai.com/,1,https://smilehost.asia/,https://covid19.th-stat.com/,16/05/2021 11:50,3018,56,112,1,0,-5,6,1,2850
136,5/15/20,https://www.kidkarnmai.com/,1,https://smilehost.asia/,https://covid19.th-stat.com/,16/05/2021 11:50,3025,56,115,7,0,3,4,1,2854
137,5/16/20,https://www.kidkarnmai.com/,1,https://smilehost.asia/,https://covid19.th-stat.com/,16/05/2021 11:50,3025,56,114,0,0,-1,1,1,2855
138,5/17/20,https://www.kidkarnmai.com/,1,https://smilehost.asia/,https://covid19.th-stat.com/,16/05/2021 11:50,3028,56,116,3,0,2,1,1,2856
139,5/18/20,https://www.kidkarnmai.com/,1,https://smilehost.asia/,https://covid19.th-stat.com/,16/05/2021 11:50,3031,56,118,3,0,2,1,1,2857
140,5/19/20,https://www.kidkarnmai.com/,1,https://smilehost.asia/,https://covid19.th-stat.com/,16/05/2021 11:50,3033,56,120,2,0,2,0,1,2857
141,5/20/20,https://www.kidkarnmai.com/,1,https://smilehost.asia/,https://covid19.th-stat.com/,16/05/2021 11:50,3034,56,90,1,0,-30,31,1,2888
142,5/21/20,https://www.kidkarnmai.com/,1,https://smilehost.asia/,https://covid19.th-stat.com/,16/05/2021 11:50,3037,56,84,3,0,-6,9,1,2897
143,5/22/20,https://www.kidkarnmai.com/,1,https://smilehost.asia/,https://covid19.th-stat.com/,16/05/2021 11:50,3037,56,71,0,0,-13,13,1,2910
144,5/23/20,https://www.kidkarnmai.com/,1,https://smilehost.asia/,https://covid19.th-stat.com/,16/05/2021 11:50,3040,56,68,3,0,-3,6,1,2916
145,5/24/20,https://www.kidkarnmai.com/,1,https://smilehost.asia/,https://covid19.th-stat.com/,16/05/2021 11:50,3040,56,63,0,0,-5,5,1,2921
146,5/25/20,https://www.kidkarnmai.com/,1,https://smilehost.asia/,https://covid19.th-stat.com/,16/05/2021 11:50,3042,57,57,2,1,-6,7,1,2928
147,5/26/20,https://www.kidkarnmai.com/,1,https://smilehost.asia/,https://covid19.th-stat.com/,16/05/2021 11:50,3045,57,59,3,0,2,1,1,2929
148,5/27/20,https://www.kidkarnmai.com/,1,https://smilehost.asia/,https://covid19.th-stat.com/,16/05/2021 11:50,3054,57,66,9,0,7,2,1,2931
149,5/28/20,https://www.kidkarnmai.com/,1,https://smilehost.asia/,https://covid19.th-stat.com/,16/05/2021 11:50,3065,57,63,11,0,-3,14,1,2945
150,5/29/20,https://www.kidkarnmai.com/,1,https://smilehost.asia/,https://covid19.th-stat.com/,16/05/2021 11:50,3076,57,74,11,0,11,0,1,2945
151,5/30/20,https://www.kidkarnmai.com/,1,https://smilehost.asia/,https://covid19.th-stat.com/,16/05/2021 11:50,3077,57,59,1,0,-15,16,1,2961
152,5/31/20,https://www.kidkarnmai.com/,1,https://smilehost.asia/,https://covid19.th-stat.com/,16/05/2021 11:50,3081,57,61,4,0,2,2,1,2963
153,6/1/20,https://www.kidkarnmai.com/,1,https://smilehost.asia/,https://covid19.th-stat.com/,16/05/2021 11:50,3082,57,60,1,0,-1,2,1,2965
154,6/2/20,https://www.kidkarnmai.com/,1,https://smilehost.asia/,https://covid19.th-stat.com/,16/05/2021 11:50,3083,58,59,1,1,-1,1,1,2966
155,6/3/20,https://www.kidkarnmai.com/,1,https://smilehost.asia/,https://covid19.th-stat.com/,16/05/2021 11:50,3084,58,58,1,0,-1,2,1,2968
156,6/4/20,https://www.kidkarnmai.com/,1,https://smilehost.asia/,https://covid19.th-stat.com/,16/05/2021 11:50,3101,58,75,17,0,17,0,1,2968
157,6/5/20,https://www.kidkarnmai.com/,1,https://smilehost.asia/,https://covid19.th-stat.com/,16/05/2021 11:50,3102,58,73,1,0,-2,3,1,2971
158,6/6/20,https://www.kidkarnmai.com/,1,https://smilehost.asia/,https://covid19.th-stat.com/,16/05/2021 11:50,3104,58,75,2,0,2,0,1,2971
159,6/7/20,https://www.kidkarnmai.com/,1,https://smilehost.asia/,https://covid19.th-stat.com/,16/05/2021 11:50,3112,58,82,8,0,7,1,1,2972
160,6/8/20,https://www.kidkarnmai.com/,1,https://smilehost.asia/,https://covid19.th-stat.com/,16/05/2021 11:50,3119,58,88,7,0,6,1,1,2973
161,6/9/20,https://www.kidkarnmai.com/,1,https://smilehost.asia/,https://covid19.th-stat.com/,16/05/2021 11:50,3121,58,90,2,0,2,0,1,2973
162,6/10/20,https://www.kidkarnmai.com/,1,https://smilehost.asia/,https://covid19.th-stat.com/,16/05/2021 11:50,3125,58,86,4,0,-4,8,1,2981
163,6/11/20,https://www.kidkarnmai.com/,1,https://smilehost.asia/,https://covid19.th-stat.com/,16/05/2021 11:50,3125,58,80,0,0,-6,6,1,2987
164,6/12/20,https://www.kidkarnmai.com/,1,https://smilehost.asia/,https://covid19.th-stat.com/,16/05/2021 11:50,3129,58,84,4,0,4,0,1,2987
165,6/13/20,https://www.kidkarnmai.com/,1,https://smilehost.asia/,https://covid19.th-stat.com/,16/05/2021 11:50,3134,58,89,5,0,5,0,1,2987
166,6/14/20,https://www.kidkarnmai.com/,1,https://smilehost.asia/,https://covid19.th-stat.com/,16/05/2021 11:50,3135,58,90,1,0,1,0,1,2987
167,6/15/20,https://www.kidkarnmai.com/,1,https://smilehost.asia/,https://covid19.th-stat.com/,16/05/2021 11:50,3135,58,90,0,0,0,0,1,2987
168,6/16/20,https://www.kidkarnmai.com/,1,https://smilehost.asia/,https://covid19.th-stat.com/,16/05/2021 11:50,3135,58,84,0,0,-6,6,1,2993
169,6/17/20,https://www.kidkarnmai.com/,1,https://smilehost.asia/,https://covid19.th-stat.com/,16/05/2021 11:50,3135,58,81,0,0,-3,3,1,2996
170,6/18/20,https://www.kidkarnmai.com/,1,https://smilehost.asia/,https://covid19.th-stat.com/,16/05/2021 11:50,3141,58,86,6,0,5,1,1,2997
171,6/19/20,https://www.kidkarnmai.com/,1,https://smilehost.asia/,https://covid19.th-stat.com/,16/05/2021 11:50,3146,58,80,5,0,-6,11,1,3008
172,6/20/20,https://www.kidkarnmai.com/,1,https://smilehost.asia/,https://covid19.th-stat.com/,16/05/2021 11:50,3147,58,71,1,0,-9,10,1,3018
173,6/21/20,https://www.kidkarnmai.com/,1,https://smilehost.asia/,https://covid19.th-stat.com/,16/05/2021 11:50,3148,58,72,1,0,1,0,1,3018
174,6/22/20,https://www.kidkarnmai.com/,1,https://smilehost.asia/,https://covid19.th-stat.com/,16/05/2021 11:50,3151,58,71,3,0,-1,4,1,3022
175,6/23/20,https://www.kidkarnmai.com/,1,https://smilehost.asia/,https://covid19.th-stat.com/,16/05/2021 11:50,3156,58,75,5,0,4,1,1,3023
176,6/24/20,https://www.kidkarnmai.com/,1,https://smilehost.asia/,https://covid19.th-stat.com/,16/05/2021 11:50,3157,58,73,1,0,-2,3,1,3026
177,6/25/20,https://www.kidkarnmai.com/,1,https://smilehost.asia/,https://covid19.th-stat.com/,16/05/2021 11:50,3158,58,62,1,0,-11,12,1,3038
178,6/26/20,https://www.kidkarnmai.com/,1,https://smilehost.asia/,https://covid19.th-stat.com/,16/05/2021 11:50,3162,58,64,4,0,2,2,1,3040
179,6/27/20,https://www.kidkarnmai.com/,1,https://smilehost.asia/,https://covid19.th-stat.com/,16/05/2021 11:50,3162,58,51,0,0,-13,13,1,3053
180,6/28/20,https://www.kidkarnmai.com/,1,https://smilehost.asia/,https://covid19.th-stat.com/,16/05/2021 11:50,3162,58,51,0,0,0,0,1,3053
181,6/29/20,https://www.kidkarnmai.com/,1,https://smilehost.asia/,https://covid19.th-stat.com/,16/05/2021 11:50,3169,58,58,7,0,7,0,1,3053
182,6/30/20,https://www.kidkarnmai.com/,1,https://smilehost.asia/,https://covid19.th-stat.com/,16/05/2021 11:50,3171,58,57,2,0,-1,3,1,3056
183,7/1/20,https://www.kidkarnmai.com/,1,https://smilehost.asia/,https://covid19.th-stat.com/,16/05/2021 11:50,3173,58,56,2,0,-1,3,1,3059
184,7/2/20,https://www.kidkarnmai.com/,1,https://smilehost.asia/,https://covid19.th-stat.com/,16/05/2021 11:50,3179,58,62,6,0,6,0,1,3059
185,7/3/20,https://www.kidkarnmai.com/,1,https://smilehost.asia/,https://covid19.th-stat.com/,16/05/2021 11:50,3180,58,56,1,0,-6,7,1,3066
186,7/4/20,https://www.kidkarnmai.com/,1,https://smilehost.asia/,https://covid19.th-stat.com/,16/05/2021 11:50,3185,58,61,5,0,5,0,1,3066
187,7/5/20,https://www.kidkarnmai.com/,1,https://smilehost.asia/,https://covid19.th-stat.com/,16/05/2021 11:50,3190,58,61,5,0,0,5,1,3071
188,7/6/20,https://www.kidkarnmai.com/,1,https://smilehost.asia/,https://covid19.th-stat.com/,16/05/2021 11:50,3195,58,65,5,0,4,1,1,3072
189,7/7/20,https://www.kidkarnmai.com/,1,https://smilehost.asia/,https://covid19.th-stat.com/,16/05/2021 11:50,3195,58,65,0,0,0,0,1,3072
190,7/8/20,https://www.kidkarnmai.com/,1,https://smilehost.asia/,https://covid19.th-stat.com/,16/05/2021 11:50,3197,58,65,2,0,0,2,1,3074
191,7/9/20,https://www.kidkarnmai.com/,1,https://smilehost.asia/,https://covid19.th-stat.com/,16/05/2021 11:50,3202,58,59,5,0,-6,11,1,3085
192,7/10/20,https://www.kidkarnmai.com/,1,https://smilehost.asia/,https://covid19.th-stat.com/,16/05/2021 11:50,3202,58,57,0,0,-2,2,1,3087
193,7/11/20,https://www.kidkarnmai.com/,1,https://smilehost.asia/,https://covid19.th-stat.com/,16/05/2021 11:50,3216,58,70,14,0,13,1,1,3088
194,7/12/20,https://www.kidkarnmai.com/,1,https://smilehost.asia/,https://covid19.th-stat.com/,16/05/2021 11:50,3217,58,71,1,0,1,0,1,3088
195,7/13/20,https://www.kidkarnmai.com/,1,https://smilehost.asia/,https://covid19.th-stat.com/,16/05/2021 11:50,3220,58,72,3,0,1,2,1,3090
196,7/14/20,https://www.kidkarnmai.com/,1,https://smilehost.asia/,https://covid19.th-stat.com/,16/05/2021 11:50,3227,58,78,7,0,6,1,1,3091
197,7/15/20,https://www.kidkarnmai.com/,1,https://smilehost.asia/,https://covid19.th-stat.com/,16/05/2021 11:50,3232,58,82,5,0,4,1,1,3092
198,7/16/20,https://www.kidkarnmai.com/,1,https://smilehost.asia/,https://covid19.th-stat.com/,16/05/2021 11:50,3236,58,83,4,0,1,3,1,3095
199,7/17/20,https://www.kidkarnmai.com/,1,https://smilehost.asia/,https://covid19.th-stat.com/,16/05/2021 11:50,3239,58,85,3,0,2,1,1,3096
200,7/18/20,https://www.kidkarnmai.com/,1,https://smilehost.asia/,https://covid19.th-stat.com/,16/05/2021 11:50,3246,58,92,7,0,7,0,1,3096
201,7/19/20,https://www.kidkarnmai.com/,1,https://smilehost.asia/,https://covid19.th-stat.com/,16/05/2021 11:50,3249,58,95,3,0,3,0,1,3096
202,7/20/20,https://www.kidkarnmai.com/,1,https://smilehost.asia/,https://covid19.th-stat.com/,16/05/2021 11:50,3250,58,96,1,0,1,0,1,3096
203,7/21/20,https://www.kidkarnmai.com/,1,https://smilehost.asia/,https://covid19.th-stat.com/,16/05/2021 11:50,3255,58,92,5,0,-4,9,1,3105
204,7/22/20,https://www.kidkarnmai.com/,1,https://smilehost.asia/,https://covid19.th-stat.com/,16/05/2021 11:50,3261,58,98,6,0,6,0,1,3105
205,7/23/20,https://www.kidkarnmai.com/,1,https://smilehost.asia/,https://covid19.th-stat.com/,16/05/2021 11:50,3269,58,106,8,0,8,0,1,3105
206,7/24/20,https://www.kidkarnmai.com/,1,https://smilehost.asia/,https://covid19.th-stat.com/,16/05/2021 11:50,3279,58,114,10,0,8,2,1,3107
207,7/25/20,https://www.kidkarnmai.com/,1,https://smilehost.asia/,https://covid19.th-stat.com/,16/05/2021 11:50,3282,58,115,3,0,1,2,1,3109
208,7/26/20,https://www.kidkarnmai.com/,1,https://smilehost.asia/,https://covid19.th-stat.com/,16/05/2021 11:50,3291,58,124,9,0,9,0,1,3109
209,7/27/20,https://www.kidkarnmai.com/,1,https://smilehost.asia/,https://covid19.th-stat.com/,16/05/2021 11:50,3295,58,126,4,0,2,2,1,3111
210,7/28/20,https://www.kidkarnmai.com/,1,https://smilehost.asia/,https://covid19.th-stat.com/,16/05/2021 11:50,3297,58,128,2,0,2,0,1,3111
211,7/29/20,https://www.kidkarnmai.com/,1,https://smilehost.asia/,https://covid19.th-stat.com/,16/05/2021 11:50,3298,58,129,1,0,1,0,1,3111
212,7/30/20,https://www.kidkarnmai.com/,1,https://smilehost.asia/,https://covid19.th-stat.com/,16/05/2021 11:50,3304,58,135,6,0,6,0,1,3111
213,7/31/20,https://www.kidkarnmai.com/,1,https://smilehost.asia/,https://covid19.th-stat.com/,16/05/2021 11:50,3310,58,127,6,0,-8,14,1,3125
214,8/1/20,https://www.kidkarnmai.com/,1,https://smilehost.asia/,https://covid19.th-stat.com/,16/05/2021 11:50,3312,58,119,2,0,-8,10,1,3135
215,8/2/20,https://www.kidkarnmai.com/,1,https://smilehost.asia/,https://covid19.th-stat.com/,16/05/2021 11:50,3317,58,117,5,0,-2,7,1,3142
216,8/3/20,https://www.kidkarnmai.com/,1,https://smilehost.asia/,https://covid19.th-stat.com/,16/05/2021 11:50,3320,58,120,3,0,3,0,1,3142
217,8/4/20,https://www.kidkarnmai.com/,1,https://smilehost.asia/,https://covid19.th-stat.com/,16/05/2021 11:50,3321,58,121,1,0,1,0,1,3142
218,8/5/20,https://www.kidkarnmai.com/,1,https://smilehost.asia/,https://covid19.th-stat.com/,16/05/2021 11:50,3328,58,126,7,0,5,2,1,3144
219,8/6/20,https://www.kidkarnmai.com/,1,https://smilehost.asia/,https://covid19.th-stat.com/,16/05/2021 11:50,3330,58,124,2,0,-2,4,1,3148
220,8/7/20,https://www.kidkarnmai.com/,1,https://smilehost.asia/,https://covid19.th-stat.com/,16/05/2021 11:50,3345,58,139,15,0,15,0,1,3148
221,8/8/20,https://www.kidkarnmai.com/,1,https://smilehost.asia/,https://covid19.th-stat.com/,16/05/2021 11:50,3348,58,140,3,0,1,2,1,3150
222,8/9/20,https://www.kidkarnmai.com/,1,https://smilehost.asia/,https://covid19.th-stat.com/,16/05/2021 11:50,3351,58,142,3,0,2,1,1,3151
223,8/10/20,https://www.kidkarnmai.com/,1,https://smilehost.asia/,https://covid19.th-stat.com/,16/05/2021 11:50,3351,58,133,0,0,-9,9,1,3160
224,8/11/20,https://www.kidkarnmai.com/,1,https://smilehost.asia/,https://covid19.th-stat.com/,16/05/2021 11:50,3351,58,130,0,0,-3,3,1,3163
225,8/12/20,https://www.kidkarnmai.com/,1,https://smilehost.asia/,https://covid19.th-stat.com/,16/05/2021 11:50,3356,58,129,5,0,-1,6,1,3169
226,8/13/20,https://www.kidkarnmai.com/,1,https://smilehost.asia/,https://covid19.th-stat.com/,16/05/2021 11:50,3359,58,132,3,0,3,0,1,3169
227,8/14/20,https://www.kidkarnmai.com/,1,https://smilehost.asia/,https://covid19.th-stat.com/,16/05/2021 11:50,3376,58,145,17,0,13,4,1,3173
228,8/15/20,https://www.kidkarnmai.com/,1,https://smilehost.asia/,https://covid19.th-stat.com/,16/05/2021 11:50,3376,58,125,0,0,-20,20,1,3193
229,8/16/20,https://www.kidkarnmai.com/,1,https://smilehost.asia/,https://covid19.th-stat.com/,16/05/2021 11:50,3377,58,125,1,0,0,1,1,3194
230,8/17/20,https://www.kidkarnmai.com/,1,https://smilehost.asia/,https://covid19.th-stat.com/,16/05/2021 11:50,3378,58,126,1,0,1,0,1,3194
231,8/18/20,https://www.kidkarnmai.com/,1,https://smilehost.asia/,https://covid19.th-stat.com/,16/05/2021 11:50,3381,58,125,3,0,-1,4,1,3198
232,8/19/20,https://www.kidkarnmai.com/,1,https://smilehost.asia/,https://covid19.th-stat.com/,16/05/2021 11:50,3382,58,125,1,0,0,1,1,3199
233,8/20/20,https://www.kidkarnmai.com/,1,https://smilehost.asia/,https://covid19.th-stat.com/,16/05/2021 11:50,3389,58,113,7,0,-12,19,1,3218
234,8/21/20,https://www.kidkarnmai.com/,1,https://smilehost.asia/,https://covid19.th-stat.com/,16/05/2021 11:50,3390,58,113,1,0,0,1,1,3219
235,8/22/20,https://www.kidkarnmai.com/,1,https://smilehost.asia/,https://covid19.th-stat.com/,16/05/2021 11:50,3390,58,112,0,0,-1,1,1,3220
236,8/23/20,https://www.kidkarnmai.com/,1,https://smilehost.asia/,https://covid19.th-stat.com/,16/05/2021 11:50,3395,58,116,5,0,4,1,1,3221
237,8/24/20,https://www.kidkarnmai.com/,1,https://smilehost.asia/,https://covid19.th-stat.com/,16/05/2021 11:50,3397,58,117,2,0,1,1,1,3222
238,8/25/20,https://www.kidkarnmai.com/,1,https://smilehost.asia/,https://covid19.th-stat.com/,16/05/2021 11:50,3402,58,115,5,0,-2,7,1,3229
239,8/26/20,https://www.kidkarnmai.com/,1,https://smilehost.asia/,https://covid19.th-stat.com/,16/05/2021 11:50,3403,58,108,1,0,-7,8,1,3237
240,8/27/20,https://www.kidkarnmai.com/,1,https://smilehost.asia/,https://covid19.th-stat.com/,16/05/2021 11:50,3404,58,109,1,0,1,0,1,3237
241,8/28/20,https://www.kidkarnmai.com/,1,https://smilehost.asia/,https://covid19.th-stat.com/,16/05/2021 11:50,3410,58,115,6,0,6,0,1,3237
242,8/29/20,https://www.kidkarnmai.com/,1,https://smilehost.asia/,https://covid19.th-stat.com/,16/05/2021 11:50,3411,58,111,1,0,-4,5,1,3242
243,8/30/20,https://www.kidkarnmai.com/,1,https://smilehost.asia/,https://covid19.th-stat.com/,16/05/2021 11:50,3411,58,101,0,0,-10,10,1,3252
244,8/31/20,https://www.kidkarnmai.com/,1,https://smilehost.asia/,https://covid19.th-stat.com/,16/05/2021 11:50,3412,58,102,1,0,1,0,1,3252
245,9/1/20,https://www.kidkarnmai.com/,1,https://smilehost.asia/,https://covid19.th-stat.com/,16/05/2021 11:50,3417,58,85,5,0,-17,22,1,3274
246,9/2/20,https://www.kidkarnmai.com/,1,https://smilehost.asia/,https://covid19.th-stat.com/,16/05/2021 11:50,3425,58,93,8,0,8,0,1,3274
247,9/3/20,https://www.kidkarnmai.com/,1,https://smilehost.asia/,https://covid19.th-stat.com/,16/05/2021 11:50,3427,58,92,2,0,-1,3,1,3277
248,9/4/20,https://www.kidkarnmai.com/,1,https://smilehost.asia/,https://covid19.th-stat.com/,16/05/2021 11:50,3431,58,96,4,0,4,0,1,3277
249,9/5/20,https://www.kidkarnmai.com/,1,https://smilehost.asia/,https://covid19.th-stat.com/,16/05/2021 11:50,3438,58,101,7,0,5,2,1,3279
250,9/6/20,https://www.kidkarnmai.com/,1,https://smilehost.asia/,https://covid19.th-stat.com/,16/05/2021 11:50,3444,58,105,6,0,4,2,1,3281
251,9/7/20,https://www.kidkarnmai.com/,1,https://smilehost.asia/,https://covid19.th-stat.com/,16/05/2021 11:50,3445,58,106,1,0,1,0,1,3281
252,9/8/20,https://www.kidkarnmai.com/,1,https://smilehost.asia/,https://covid19.th-stat.com/,16/05/2021 11:50,3446,58,104,1,0,-2,3,1,3284
253,9/9/20,https://www.kidkarnmai.com/,1,https://smilehost.asia/,https://covid19.th-stat.com/,16/05/2021 11:50,3447,58,103,1,0,-1,2,1,3286
254,9/10/20,https://www.kidkarnmai.com/,1,https://smilehost.asia/,https://covid19.th-stat.com/,16/05/2021 11:50,3454,58,86,7,0,-17,24,1,3310
255,9/11/20,https://www.kidkarnmai.com/,1,https://smilehost.asia/,https://covid19.th-stat.com/,16/05/2021 11:50,3461,58,91,7,0,5,2,1,3312
256,9/12/20,https://www.kidkarnmai.com/,1,https://smilehost.asia/,https://covid19.th-stat.com/,16/05/2021 11:50,3466,58,96,5,0,5,0,1,3312
257,9/13/20,https://www.kidkarnmai.com/,1,https://smilehost.asia/,https://covid19.th-stat.com/,16/05/2021 11:50,3473,58,103,7,0,7,0,1,3312
258,9/14/20,https://www.kidkarnmai.com/,1,https://smilehost.asia/,https://covid19.th-stat.com/,16/05/2021 11:50,3475,58,105,2,0,2,0,1,3312
259,9/15/20,https://www.kidkarnmai.com/,1,https://smilehost.asia/,https://covid19.th-stat.com/,16/05/2021 11:50,3480,58,107,5,0,2,3,1,3315
260,9/16/20,https://www.kidkarnmai.com/,1,https://smilehost.asia/,https://covid19.th-stat.com/,16/05/2021 11:50,3490,58,116,10,0,9,1,1,3316
261,9/17/20,https://www.kidkarnmai.com/,1,https://smilehost.asia/,https://covid19.th-stat.com/,16/05/2021 11:50,3490,58,107,0,0,-9,9,1,3325
262,9/18/20,https://www.kidkarnmai.com/,1,https://smilehost.asia/,https://covid19.th-stat.com/,16/05/2021 11:50,3497,58,111,7,0,4,3,1,3328
263,9/19/20,https://www.kidkarnmai.com/,1,https://smilehost.asia/,https://covid19.th-stat.com/,16/05/2021 11:50,3500,59,103,3,1,-8,10,1,3338
264,9/20/20,https://www.kidkarnmai.com/,1,https://smilehost.asia/,https://covid19.th-stat.com/,16/05/2021 11:50,3506,59,105,6,0,2,4,1,3342
265,9/22/20,https://www.kidkarnmai.com/,1,https://smilehost.asia/,https://covid19.th-stat.com/,16/05/2021 11:50,3511,59,109,5,0,4,1,1,3343
266,9/23/20,https://www.kidkarnmai.com/,1,https://smilehost.asia/,https://covid19.th-stat.com/,16/05/2021 11:50,3514,59,110,3,0,1,2,1,3345
267,9/24/20,https://www.kidkarnmai.com/,1,https://smilehost.asia/,https://covid19.th-stat.com/,16/05/2021 11:50,3516,59,104,2,0,-6,8,1,3353
268,9/25/20,https://www.kidkarnmai.com/,1,https://smilehost.asia/,https://covid19.th-stat.com/,16/05/2021 11:50,3519,59,100,3,0,-4,7,1,3360
269,9/26/20,https://www.kidkarnmai.com/,1,https://smilehost.asia/,https://covid19.th-stat.com/,16/05/2021 11:50,3522,59,101,3,0,1,2,1,3362
270,9/27/20,https://www.kidkarnmai.com/,1,https://smilehost.asia/,https://covid19.th-stat.com/,16/05/2021 11:50,3523,59,97,1,0,-4,5,1,3367
271,9/28/20,https://www.kidkarnmai.com/,1,https://smilehost.asia/,https://covid19.th-stat.com/,16/05/2021 11:50,3545,59,117,22,0,20,2,1,3369
272,9/29/20,https://www.kidkarnmai.com/,1,https://smilehost.asia/,https://covid19.th-stat.com/,16/05/2021 11:50,3559,59,130,14,0,13,1,1,3370
273,9/30/20,https://www.kidkarnmai.com/,1,https://smilehost.asia/,https://covid19.th-stat.com/,16/05/2021 11:50,3564,59,131,5,0,1,4,1,3374
274,10/1/20,https://www.kidkarnmai.com/,1,https://smilehost.asia/,https://covid19.th-stat.com/,16/05/2021 11:50,3569,59,131,5,0,0,5,1,3379
275,10/2/20,https://www.kidkarnmai.com/,1,https://smilehost.asia/,https://covid19.th-stat.com/,16/05/2021 11:50,3575,59,132,6,0,1,5,1,3384
276,10/3/20,https://www.kidkarnmai.com/,1,https://smilehost.asia/,https://covid19.th-stat.com/,16/05/2021 11:50,3583,59,138,8,0,6,2,1,3386
277,10/4/20,https://www.kidkarnmai.com/,1,https://smilehost.asia/,https://covid19.th-stat.com/,16/05/2021 11:50,3585,59,138,2,0,0,2,1,3388
278,10/5/20,https://www.kidkarnmai.com/,1,https://smilehost.asia/,https://covid19.th-stat.com/,16/05/2021 11:50,3590,59,141,5,0,3,2,1,3390
279,10/6/20,https://www.kidkarnmai.com/,1,https://smilehost.asia/,https://covid19.th-stat.com/,16/05/2021 11:50,3600,59,151,10,0,10,0,1,3390
280,10/7/20,https://www.kidkarnmai.com/,1,https://smilehost.asia/,https://covid19.th-stat.com/,16/05/2021 11:50,3615,59,165,15,0,14,1,1,3391
281,10/8/20,https://www.kidkarnmai.com/,1,https://smilehost.asia/,https://covid19.th-stat.com/,16/05/2021 11:50,3622,59,124,7,0,-41,48,1,3439
282,10/9/20,https://www.kidkarnmai.com/,1,https://smilehost.asia/,https://covid19.th-stat.com/,16/05/2021 11:50,3628,59,128,6,0,4,2,1,3441
283,10/10/20,https://www.kidkarnmai.com/,1,https://smilehost.asia/,https://covid19.th-stat.com/,16/05/2021 11:50,3634,59,130,6,0,2,4,1,3445
284,10/11/20,https://www.kidkarnmai.com/,1,https://smilehost.asia/,https://covid19.th-stat.com/,16/05/2021 11:50,3636,59,132,2,0,2,0,1,3445
285,10/12/20,https://www.kidkarnmai.com/,1,https://smilehost.asia/,https://covid19.th-stat.com/,16/05/2021 11:50,3641,59,128,5,0,-4,9,1,3454
286,10/13/20,https://www.kidkarnmai.com/,1,https://smilehost.asia/,https://covid19.th-stat.com/,16/05/2021 11:50,3643,59,127,2,0,-1,3,1,3457
287,10/14/20,https://www.kidkarnmai.com/,1,https://smilehost.asia/,https://covid19.th-stat.com/,16/05/2021 11:50,3652,59,136,9,0,9,0,1,3457
288,10/15/20,https://www.kidkarnmai.com/,1,https://smilehost.asia/,https://covid19.th-stat.com/,16/05/2021 11:50,3665,59,143,13,0,7,6,1,3463
289,10/17/20,https://www.kidkarnmai.com/,1,https://smilehost.asia/,https://covid19.th-stat.com/,16/05/2021 11:50,3675,59,142,10,0,-1,11,1,3474
290,10/16/20,https://www.kidkarnmai.com/,1,https://smilehost.asia/,https://covid19.th-stat.com/,16/05/2021 11:50,3679,59,142,4,0,0,4,1,3478
291,10/18/20,https://www.kidkarnmai.com/,1,https://smilehost.asia/,https://covid19.th-stat.com/,16/05/2021 11:50,3686,59,146,7,0,4,3,1,3481
292,10/19/20,https://www.kidkarnmai.com/,1,https://smilehost.asia/,https://covid19.th-stat.com/,16/05/2021 11:50,3691,59,144,5,0,-2,7,1,3488
293,10/20/20,https://www.kidkarnmai.com/,1,https://smilehost.asia/,https://covid19.th-stat.com/,16/05/2021 11:50,3700,59,150,9,0,6,3,1,3491
294,10/21/20,https://www.kidkarnmai.com/,1,https://smilehost.asia/,https://covid19.th-stat.com/,16/05/2021 11:50,3709,59,155,9,0,5,4,1,3495
295,10/22/20,https://www.kidkarnmai.com/,1,https://smilehost.asia/,https://covid19.th-stat.com/,16/05/2021 11:50,3719,59,146,10,0,-9,19,1,3514
296,10/23/20,https://www.kidkarnmai.com/,1,https://smilehost.asia/,https://covid19.th-stat.com/,16/05/2021 11:50,3727,59,150,8,0,4,4,1,3518
297,10/24/20,https://www.kidkarnmai.com/,1,https://smilehost.asia/,https://covid19.th-stat.com/,16/05/2021 11:50,3731,59,143,4,0,-7,11,1,3529
298,10/25/20,https://www.kidkarnmai.com/,1,https://smilehost.asia/,https://covid19.th-stat.com/,16/05/2021 11:50,3736,59,147,5,0,4,1,1,3530
299,10/26/20,https://www.kidkarnmai.com/,1,https://smilehost.asia/,https://covid19.th-stat.com/,16/05/2021 11:50,3743,59,141,7,0,-6,13,1,3543
300,10/27/20,https://www.kidkarnmai.com/,1,https://smilehost.asia/,https://covid19.th-stat.com/,16/05/2021 11:50,3746,59,136,3,0,-5,8,1,3551
301,10/28/20,https://www.kidkarnmai.com/,1,https://smilehost.asia/,https://covid19.th-stat.com/,16/05/2021 11:50,3759,59,139,13,0,3,10,1,3561
302,10/29/20,https://www.kidkarnmai.com/,1,https://smilehost.asia/,https://covid19.th-stat.com/,16/05/2021 11:50,3763,59,134,4,0,-5,9,1,3570
303,10/30/20,https://www.kidkarnmai.com/,1,https://smilehost.asia/,https://covid19.th-stat.com/,16/05/2021 11:50,3775,59,131,12,0,-3,15,1,3585
304,10/31/20,https://www.kidkarnmai.com/,1,https://smilehost.asia/,https://covid19.th-stat.com/,16/05/2021 11:50,3780,59,131,5,0,0,5,1,3590
305,11/1/20,https://www.kidkarnmai.com/,1,https://smilehost.asia/,https://covid19.th-stat.com/,16/05/2021 11:50,3784,59,133,4,0,2,2,1,3592
306,11/2/20,https://www.kidkarnmai.com/,1,https://smilehost.asia/,https://covid19.th-stat.com/,16/05/2021 11:50,3787,59,133,3,0,0,3,1,3595
307,11/3/20,https://www.kidkarnmai.com/,1,https://smilehost.asia/,https://covid19.th-stat.com/,16/05/2021 11:50,3797,59,133,10,0,0,10,1,3605
308,11/4/20,https://www.kidkarnmai.com/,1,https://smilehost.asia/,https://covid19.th-stat.com/,16/05/2021 11:50,3804,59,133,7,0,0,7,1,3612
309,11/5/20,https://www.kidkarnmai.com/,1,https://smilehost.asia/,https://covid19.th-stat.com/,16/05/2021 11:50,3810,59,128,6,0,-5,11,1,3623
310,11/6/20,https://www.kidkarnmai.com/,1,https://smilehost.asia/,https://covid19.th-stat.com/,16/05/2021 11:50,3818,60,119,8,1,-9,16,1,3639
311,11/7/20,https://www.kidkarnmai.com/,1,https://smilehost.asia/,https://covid19.th-stat.com/,16/05/2021 11:50,3830,60,126,12,0,7,5,1,3644
312,11/8/20,https://www.kidkarnmai.com/,1,https://smilehost.asia/,https://covid19.th-stat.com/,16/05/2021 11:50,3837,60,123,7,0,-3,10,1,3654
313,11/9/20,https://www.kidkarnmai.com/,1,https://smilehost.asia/,https://covid19.th-stat.com/,16/05/2021 11:50,3840,60,119,3,0,-4,7,1,3661
314,11/10/20,https://www.kidkarnmai.com/,1,https://smilehost.asia/,https://covid19.th-stat.com/,16/05/2021 11:50,3844,60,114,4,0,-5,9,1,3670
315,11/11/20,https://www.kidkarnmai.com/,1,https://smilehost.asia/,https://covid19.th-stat.com/,16/05/2021 11:50,3847,60,102,3,0,-12,15,1,3685
316,11/12/20,https://www.kidkarnmai.com/,1,https://smilehost.asia/,https://covid19.th-stat.com/,16/05/2021 11:50,3852,60,99,5,0,-3,8,1,3693
317,11/13/20,https://www.kidkarnmai.com/,1,https://smilehost.asia/,https://covid19.th-stat.com/,16/05/2021 11:50,3861,60,104,9,0,5,4,1,3697
318,11/14/20,https://www.kidkarnmai.com/,1,https://smilehost.asia/,https://covid19.th-stat.com/,16/05/2021 11:50,3866,60,99,5,0,-5,10,1,3707
319,11/15/20,https://www.kidkarnmai.com/,1,https://smilehost.asia/,https://covid19.th-stat.com/,16/05/2021 11:50,3874,60,99,8,0,0,8,1,3715
320,11/16/20,https://www.kidkarnmai.com/,1,https://smilehost.asia/,https://covid19.th-stat.com/,16/05/2021 11:50,3875,60,94,1,0,-5,6,1,3721
321,11/17/20,https://www.kidkarnmai.com/,1,https://smilehost.asia/,https://covid19.th-stat.com/,16/05/2021 11:50,3878,60,94,3,0,0,3,1,3724
322,11/18/20,https://www.kidkarnmai.com/,1,https://smilehost.asia/,https://covid19.th-stat.com/,16/05/2021 11:50,3880,60,91,2,0,-3,5,1,3729
323,11/19/20,https://www.kidkarnmai.com/,1,https://smilehost.asia/,https://covid19.th-stat.com/,16/05/2021 11:50,3888,60,86,8,0,-5,13,1,3742
324,11/20/20,https://www.kidkarnmai.com/,1,https://smilehost.asia/,https://covid19.th-stat.com/,16/05/2021 11:50,3892,60,87,4,0,1,3,1,3745
325,11/23/20,https://www.kidkarnmai.com/,1,https://smilehost.asia/,https://covid19.th-stat.com/,16/05/2021 11:50,3899,60,89,7,0,2,5,1,3750
326,11/22/20,https://www.kidkarnmai.com/,1,https://smilehost.asia/,https://covid19.th-stat.com/,16/05/2021 11:50,3910,60,95,11,0,6,5,1,3755
327,11/21/20,https://www.kidkarnmai.com/,1,https://smilehost.asia/,https://covid19.th-stat.com/,16/05/2021 11:50,3920,60,94,10,0,-1,11,1,3766
328,11/24/20,https://www.kidkarnmai.com/,1,https://smilehost.asia/,https://covid19.th-stat.com/,16/05/2021 11:50,3922,60,90,2,0,-4,6,1,3772
329,11/25/20,https://www.kidkarnmai.com/,1,https://smilehost.asia/,https://covid19.th-stat.com/,16/05/2021 11:50,3926,60,86,4,0,-4,8,1,3780
330,11/26/20,https://www.kidkarnmai.com/,1,https://smilehost.asia/,https://covid19.th-stat.com/,16/05/2021 11:50,3942,60,94,16,0,8,8,1,3788
331,11/27/20,https://www.kidkarnmai.com/,1,https://smilehost.asia/,https://covid19.th-stat.com/,16/05/2021 11:50,3961,60,111,19,0,17,2,1,3790
332,11/28/20,https://www.kidkarnmai.com/,1,https://smilehost.asia/,https://covid19.th-stat.com/,16/05/2021 11:50,3966,60,108,5,0,-3,8,1,3798
333,11/29/20,https://www.kidkarnmai.com/,1,https://smilehost.asia/,https://covid19.th-stat.com/,16/05/2021 11:50,3977,60,117,11,0,9,2,1,3800
334,11/30/20,https://www.kidkarnmai.com/,1,https://smilehost.asia/,https://covid19.th-stat.com/,16/05/2021 11:50,3998,60,135,21,0,18,3,1,3803
335,12/1/20,https://www.kidkarnmai.com/,1,https://smilehost.asia/,https://covid19.th-stat.com/,16/05/2021 11:50,4008,60,137,10,0,2,8,1,3811
336,12/2/20,https://www.kidkarnmai.com/,1,https://smilehost.asia/,https://covid19.th-stat.com/,16/05/2021 11:50,4026,60,144,18,0,7,11,1,3822
337,12/3/20,https://www.kidkarnmai.com/,1,https://smilehost.asia/,https://covid19.th-stat.com/,16/05/2021 11:50,4039,60,147,13,0,3,10,1,3832
338,12/4/20,https://www.kidkarnmai.com/,1,https://smilehost.asia/,https://covid19.th-stat.com/,16/05/2021 11:50,4053,60,154,14,0,7,7,1,3839
339,12/5/20,https://www.kidkarnmai.com/,1,https://smilehost.asia/,https://covid19.th-stat.com/,16/05/2021 11:50,4072,60,164,19,0,10,9,1,3848
340,12/6/20,https://www.kidkarnmai.com/,1,https://smilehost.asia/,https://covid19.th-stat.com/,16/05/2021 11:50,4086,60,173,14,0,9,5,1,3853
341,12/7/20,https://www.kidkarnmai.com/,1,https://smilehost.asia/,https://covid19.th-stat.com/,16/05/2021 11:50,4107,60,179,21,0,6,15,1,3868
342,12/8/20,https://www.kidkarnmai.com/,1,https://smilehost.asia/,https://covid19.th-stat.com/,16/05/2021 11:50,4126,60,192,19,0,13,6,1,3874
343,12/9/20,https://www.kidkarnmai.com/,1,https://smilehost.asia/,https://covid19.th-stat.com/,16/05/2021 11:50,4151,60,211,25,0,19,6,1,3880
344,12/10/20,https://www.kidkarnmai.com/,1,https://smilehost.asia/,https://covid19.th-stat.com/,16/05/2021 11:50,4169,60,221,18,0,10,8,1,3888
345,12/11/20,https://www.kidkarnmai.com/,1,https://smilehost.asia/,https://covid19.th-stat.com/,16/05/2021 11:50,4180,60,217,11,0,-4,15,1,3903
346,12/12/20,https://www.kidkarnmai.com/,1,https://smilehost.asia/,https://covid19.th-stat.com/,16/05/2021 11:50,4192,60,217,12,0,0,12,1,3915
347,12/13/20,https://www.kidkarnmai.com/,1,https://smilehost.asia/,https://covid19.th-stat.com/,16/05/2021 11:50,4209,60,226,17,0,9,8,1,3923
348,12/14/20,https://www.kidkarnmai.com/,1,https://smilehost.asia/,https://covid19.th-stat.com/,16/05/2021 11:50,4237,60,237,28,0,11,17,1,3940
349,12/15/20,https://www.kidkarnmai.com/,1,https://smilehost.asia/,https://covid19.th-stat.com/,16/05/2021 11:50,4246,60,237,9,0,0,9,1,3949
350,12/16/20,https://www.kidkarnmai.com/,1,https://smilehost.asia/,https://covid19.th-stat.com/,16/05/2021 11:50,4261,60,224,15,0,-13,28,1,3977
351,12/17/20,https://www.kidkarnmai.com/,1,https://smilehost.asia/,https://covid19.th-stat.com/,16/05/2021 11:50,4281,60,232,20,0,8,12,1,3989
352,12/18/20,https://www.kidkarnmai.com/,1,https://smilehost.asia/,https://covid19.th-stat.com/,16/05/2021 11:50,4297,60,232,16,0,0,16,1,4005
353,12/19/20,https://www.kidkarnmai.com/,1,https://smilehost.asia/,https://covid19.th-stat.com/,16/05/2021 11:50,4331,60,247,34,0,15,19,1,4024
354,12/20/20,https://www.kidkarnmai.com/,1,https://smilehost.asia/,https://covid19.th-stat.com/,16/05/2021 11:50,4907,60,806,576,0,559,17,1,4041
355,12/21/20,https://www.kidkarnmai.com/,1,https://smilehost.asia/,https://covid19.th-stat.com/,16/05/2021 11:50,5289,60,1176,382,0,370,12,1,4053
356,12/22/20,https://www.kidkarnmai.com/,1,https://smilehost.asia/,https://covid19.th-stat.com/,16/05/2021 11:50,5716,60,1578,427,0,402,25,1,4078
357,12/23/20,https://www.kidkarnmai.com/,1,https://smilehost.asia/,https://covid19.th-stat.com/,16/05/2021 11:50,5762,60,1607,46,0,29,17,1,4095
358,12/24/20,https://www.kidkarnmai.com/,1,https://smilehost.asia/,https://covid19.th-stat.com/,16/05/2021 11:50,5829,60,1653,67,0,46,21,1,4116
359,12/25/20,https://www.kidkarnmai.com/,1,https://smilehost.asia/,https://covid19.th-stat.com/,16/05/2021 11:50,5910,60,1713,81,0,60,21,1,4137
360,12/26/20,https://www.kidkarnmai.com/,1,https://smilehost.asia/,https://covid19.th-stat.com/,16/05/2021 11:50,6020,60,1808,110,0,95,15,1,4152
361,12/27/20,https://www.kidkarnmai.com/,1,https://smilehost.asia/,https://covid19.th-stat.com/,16/05/2021 11:50,6141,60,1920,121,0,112,9,1,4161
362,12/28/20,https://www.kidkarnmai.com/,1,https://smilehost.asia/,https://covid19.th-stat.com/,16/05/2021 11:50,6285,60,2045,144,0,125,19,1,4180
363,12/29/20,https://www.kidkarnmai.com/,1,https://smilehost.asia/,https://covid19.th-stat.com/,16/05/2021 11:50,6440,61,2195,155,1,150,4,1,4184
364,12/30/20,https://www.kidkarnmai.com/,1,https://smilehost.asia/,https://covid19.th-stat.com/,16/05/2021 11:50,6690,61,2417,250,0,222,28,1,4212
365,12/31/20,https://www.kidkarnmai.com/,1,https://smilehost.asia/,https://covid19.th-stat.com/,16/05/2021 11:50,6884,61,2583,194,0,166,28,1,4240
366,1/1/21,https://www.kidkarnmai.com/,1,https://smilehost.asia/,https://covid19.th-stat.com/,16/05/2021 11:50,7163,63,2827,279,2,244,33,1,4273
367,1/2/21,https://www.kidkarnmai.com/,1,https://smilehost.asia/,https://covid19.th-stat.com/,16/05/2021 11:50,7379,64,3016,216,1,189,26,1,4299
368,1/3/21,https://www.kidkarnmai.com/,1,https://smilehost.asia/,https://covid19.th-stat.com/,16/05/2021 11:50,7694,64,3293,315,0,277,38,1,4337
369,1/4/21,https://www.kidkarnmai.com/,1,https://smilehost.asia/,https://covid19.th-stat.com/,16/05/2021 11:50,8439,65,4022,745,1,729,15,1,4352
370,1/5/21,https://www.kidkarnmai.com/,1,https://smilehost.asia/,https://covid19.th-stat.com/,16/05/2021 11:50,8966,65,4504,527,0,482,45,1,4397
371,1/6/21,https://www.kidkarnmai.com/,1,https://smilehost.asia/,https://covid19.th-stat.com/,16/05/2021 11:50,9331,66,4847,365,1,343,21,1,4418
372,1/7/21,https://www.kidkarnmai.com/,1,https://smilehost.asia/,https://covid19.th-stat.com/,16/05/2021 11:50,9636,67,5048,305,1,201,103,1,4521
373,1/8/21,https://www.kidkarnmai.com/,1,https://smilehost.asia/,https://covid19.th-stat.com/,16/05/2021 11:50,9841,67,4519,205,0,-529,734,1,5255
374,1/9/21,https://www.kidkarnmai.com/,1,https://smilehost.asia/,https://covid19.th-stat.com/,16/05/2021 11:50,10053,67,4440,212,0,-79,291,1,5546
375,1/10/21,https://www.kidkarnmai.com/,1,https://smilehost.asia/,https://covid19.th-stat.com/,16/05/2021 11:50,10298,67,3803,245,0,-637,882,1,6428
376,1/11/21,https://www.kidkarnmai.com/,1,https://smilehost.asia/,https://covid19.th-stat.com/,16/05/2021 11:50,10547,67,3914,249,0,111,138,1,6566
377,1/12/21,https://www.kidkarnmai.com/,1,https://smilehost.asia/,https://covid19.th-stat.com/,16/05/2021 11:50,10834,67,4035,287,0,121,166,1,6732
378,1/13/21,https://www.kidkarnmai.com/,1,https://smilehost.asia/,https://covid19.th-stat.com/,16/05/2021 11:50,10991,67,3981,157,0,-54,211,1,6943
379,1/14/21,https://www.kidkarnmai.com/,1,https://smilehost.asia/,https://covid19.th-stat.com/,16/05/2021 11:50,11262,69,3533,271,2,-448,717,1,7660
380,1/15/21,https://www.kidkarnmai.com/,1,https://smilehost.asia/,https://covid19.th-stat.com/,16/05/2021 11:50,11450,69,3093,188,0,-440,628,1,8288
381,1/16/21,https://www.kidkarnmai.com/,1,https://smilehost.asia/,https://covid19.th-stat.com/,16/05/2021 11:50,11680,69,2705,230,0,-388,618,1,8906
382,1/17/21,https://www.kidkarnmai.com/,1,https://smilehost.asia/,https://covid19.th-stat.com/,16/05/2021 11:50,12054,70,2969,374,1,264,109,1,9015
383,1/18/21,https://www.kidkarnmai.com/,1,https://smilehost.asia/,https://covid19.th-stat.com/,16/05/2021 11:50,12423,70,3147,369,0,178,191,1,9206
384,1/19/21,https://www.kidkarnmai.com/,1,https://smilehost.asia/,https://covid19.th-stat.com/,16/05/2021 11:50,12594,70,3168,171,0,21,150,1,9356
385,1/20/21,https://www.kidkarnmai.com/,1,https://smilehost.asia/,https://covid19.th-stat.com/,16/05/2021 11:50,12653,71,2961,59,1,-207,265,1,9621
386,1/21/21,https://www.kidkarnmai.com/,1,https://smilehost.asia/,https://covid19.th-stat.com/,16/05/2021 11:50,12795,71,2882,142,0,-79,221,1,9842
387,1/22/21,https://www.kidkarnmai.com/,1,https://smilehost.asia/,https://covid19.th-stat.com/,16/05/2021 11:50,13104,71,2809,309,0,-73,382,1,10224
388,1/23/21,https://www.kidkarnmai.com/,1,https://smilehost.asia/,https://covid19.th-stat.com/,16/05/2021 11:50,13302,72,2782,198,1,-27,224,1,10448
389,1/24/21,https://www.kidkarnmai.com/,1,https://smilehost.asia/,https://covid19.th-stat.com/,16/05/2021 11:50,13500,73,2860,198,1,78,119,1,10567
390,1/25/21,https://www.kidkarnmai.com/,1,https://smilehost.asia/,https://covid19.th-stat.com/,16/05/2021 11:50,13687,75,2950,187,2,90,95,1,10662
391,1/26/21,https://www.kidkarnmai.com/,1,https://smilehost.asia/,https://covid19.th-stat.com/,16/05/2021 11:50,14646,75,3679,959,0,729,230,1,10892
392,1/27/21,https://www.kidkarnmai.com/,1,https://smilehost.asia/,https://covid19.th-stat.com/,16/05/2021 11:50,15465,76,4335,819,1,656,162,1,11054
393,1/28/21,https://www.kidkarnmai.com/,1,https://smilehost.asia/,https://covid19.th-stat.com/,16/05/2021 11:50,16221,76,4858,756,0,523,233,1,11287
394,1/29/21,https://www.kidkarnmai.com/,1,https://smilehost.asia/,https://covid19.th-stat.com/,16/05/2021 11:50,17023,76,5551,802,0,693,109,1,11396
395,1/30/21,https://www.kidkarnmai.com/,1,https://smilehost.asia/,https://covid19.th-stat.com/,16/05/2021 11:50,17953,77,6371,930,1,820,109,1,11505
396,1/31/21,https://www.kidkarnmai.com/,1,https://smilehost.asia/,https://covid19.th-stat.com/,16/05/2021 11:50,18782,77,7090,829,0,719,110,1,11615
397,2/1/21,https://www.kidkarnmai.com/,1,https://smilehost.asia/,https://covid19.th-stat.com/,16/05/2021 11:50,19618,77,7027,836,0,-63,899,1,12514
398,2/2/21,https://www.kidkarnmai.com/,1,https://smilehost.asia/,https://covid19.th-stat.com/,16/05/2021 11:50,20454,79,7158,836,2,131,703,1,13217
399,2/3/21,https://www.kidkarnmai.com/,1,https://smilehost.asia/,https://covid19.th-stat.com/,16/05/2021 11:50,21249,79,7169,795,0,11,784,1,14001
400,2/4/21,https://www.kidkarnmai.com/,1,https://smilehost.asia/,https://covid19.th-stat.com/,16/05/2021 11:50,22058,79,7181,809,0,12,797,1,14798
401,2/5/21,https://www.kidkarnmai.com/,1,https://smilehost.asia/,https://covid19.th-stat.com/,16/05/2021 11:50,22644,79,7234,586,0,53,533,1,15331
402,2/6/21,https://www.kidkarnmai.com/,1,https://smilehost.asia/,https://covid19.th-stat.com/,16/05/2021 11:50,23134,79,6781,490,0,-453,943,1,16274
403,2/7/21,https://www.kidkarnmai.com/,1,https://smilehost.asia/,https://covid19.th-stat.com/,16/05/2021 11:50,23371,79,6350,237,0,-431,668,1,16942
404,2/8/21,https://www.kidkarnmai.com/,1,https://smilehost.asia/,https://covid19.th-stat.com/,16/05/2021 11:50,23557,79,6068,186,0,-282,468,1,17410
405,2/9/21,https://www.kidkarnmai.com/,1,https://smilehost.asia/,https://covid19.th-stat.com/,16/05/2021 11:50,23746,79,5301,189,0,-767,956,1,18366
406,2/10/21,https://www.kidkarnmai.com/,1,https://smilehost.asia/,https://covid19.th-stat.com/,16/05/2021 11:50,23903,80,4909,157,1,-392,548,1,18914
407,2/11/21,https://www.kidkarnmai.com/,1,https://smilehost.asia/,https://covid19.th-stat.com/,16/05/2021 11:50,24104,80,4225,201,0,-684,885,1,19799
408,2/12/21,https://www.kidkarnmai.com/,1,https://smilehost.asia/,https://covid19.th-stat.com/,16/05/2021 11:50,24279,80,3989,175,0,-236,411,1,20210
409,2/13/21,https://www.kidkarnmai.com/,1,https://smilehost.asia/,https://covid19.th-stat.com/,16/05/2021 11:50,24405,80,3145,126,0,-844,970,1,21180
410,2/14/21,https://www.kidkarnmai.com/,1,https://smilehost.asia/,https://covid19.th-stat.com/,16/05/2021 11:50,24571,80,2380,166,0,-765,931,1,22111
411,2/15/21,https://www.kidkarnmai.com/,1,https://smilehost.asia/,https://covid19.th-stat.com/,16/05/2021 11:50,24714,82,1749,143,2,-631,772,1,22883
412,2/16/21,https://www.kidkarnmai.com/,1,https://smilehost.asia/,https://covid19.th-stat.com/,16/05/2021 11:50,24786,82,1141,72,0,-608,680,1,23563
413,2/17/21,https://www.kidkarnmai.com/,1,https://smilehost.asia/,https://covid19.th-stat.com/,16/05/2021 11:50,24961,82,1182,175,0,41,134,1,23697
414,2/18/21,https://www.kidkarnmai.com/,1,https://smilehost.asia/,https://covid19.th-stat.com/,16/05/2021 11:50,25111,82,1083,150,0,-99,249,1,23946
415,2/19/21,https://www.kidkarnmai.com/,1,https://smilehost.asia/,https://covid19.th-stat.com/,16/05/2021 11:50,25241,83,1088,130,1,5,124,1,24070
416,2/20/21,https://www.kidkarnmai.com/,1,https://smilehost.asia/,https://covid19.th-stat.com/,16/05/2021 11:50,25323,83,1111,82,0,23,59,1,24129
417,2/21/21,https://www.kidkarnmai.com/,1,https://smilehost.asia/,https://covid19.th-stat.com/,16/05/2021 11:50,25415,83,1047,92,0,-64,156,1,24285
418,2/22/21,https://www.kidkarnmai.com/,1,https://smilehost.asia/,https://covid19.th-stat.com/,16/05/2021 11:50,25504,83,1060,89,0,13,76,1,24361
419,2/23/21,https://www.kidkarnmai.com/,1,https://smilehost.asia/,https://covid19.th-stat.com/,16/05/2021 11:50,25599,83,1070,95,0,10,85,1,24446
420,2/24/21,https://www.kidkarnmai.com/,1,https://smilehost.asia/,https://covid19.th-stat.com/,16/05/2021 11:50,25692,83,1067,93,0,-3,96,1,24542
421,2/25/21,https://www.kidkarnmai.com/,1,https://smilehost.asia/,https://covid19.th-stat.com/,16/05/2021 11:50,25764,83,947,72,0,-120,192,1,24734
422,2/26/21,https://www.kidkarnmai.com/,1,https://smilehost.asia/,https://covid19.th-stat.com/,16/05/2021 11:50,25809,83,774,45,0,-173,218,1,24952
423,2/27/21,https://www.kidkarnmai.com/,1,https://smilehost.asia/,https://covid19.th-stat.com/,16/05/2021 11:50,25881,83,776,72,0,2,70,1,25022
424,2/28/21,https://www.kidkarnmai.com/,1,https://smilehost.asia/,https://covid19.th-stat.com/,16/05/2021 11:50,25951,83,740,70,0,-36,106,1,25128
425,3/1/21,https://www.kidkarnmai.com/,1,https://smilehost.asia/,https://covid19.th-stat.com/,16/05/2021 11:50,26031,83,624,80,0,-116,196,1,25324
426,3/2/21,https://www.kidkarnmai.com/,1,https://smilehost.asia/,https://covid19.th-stat.com/,16/05/2021 11:50,26073,84,569,42,1,-55,96,1,25420
427,3/3/21,https://www.kidkarnmai.com/,1,https://smilehost.asia/,https://covid19.th-stat.com/,16/05/2021 11:50,26108,84,541,35,0,-28,63,1,25483
428,3/4/21,https://www.kidkarnmai.com/,1,https://smilehost.asia/,https://covid19.th-stat.com/,16/05/2021 11:50,26162,85,515,54,1,-26,79,1,25562
429,3/5/21,https://www.kidkarnmai.com/,1,https://smilehost.asia/,https://covid19.th-stat.com/,16/05/2021 11:50,26241,85,515,79,0,0,79,1,25641
430,3/6/21,https://www.kidkarnmai.com/,1,https://smilehost.asia/,https://covid19.th-stat.com/,16/05/2021 11:50,26305,85,534,64,0,19,45,1,25686
431,3/7/21,https://www.kidkarnmai.com/,1,https://smilehost.asia/,https://covid19.th-stat.com/,16/05/2021 11:50,26370,85,541,65,0,7,58,1,25744
432,3/8/21,https://www.kidkarnmai.com/,1,https://smilehost.asia/,https://covid19.th-stat.com/,16/05/2021 11:50,26441,85,579,71,0,38,33,1,25777
433,3/9/21,https://www.kidkarnmai.com/,1,https://smilehost.asia/,https://covid19.th-stat.com/,16/05/2021 11:50,26501,85,565,60,0,-14,74,1,25851
434,3/10/21,https://www.kidkarnmai.com/,1,https://smilehost.asia/,https://covid19.th-stat.com/,16/05/2021 11:50,26540,85,509,39,0,-56,95,1,25946
435,3/11/21,https://www.kidkarnmai.com/,1,https://smilehost.asia/,https://covid19.th-stat.com/,16/05/2021 11:50,26598,85,513,58,0,4,54,1,26000
436,3/12/21,https://www.kidkarnmai.com/,1,https://smilehost.asia/,https://covid19.th-stat.com/,16/05/2021 11:50,26679,85,538,81,0,25,56,1,26056
437,3/13/21,https://www.kidkarnmai.com/,1,https://smilehost.asia/,https://covid19.th-stat.com/,16/05/2021 11:50,26757,86,585,78,1,47,30,1,26086
438,3/14/21,https://www.kidkarnmai.com/,1,https://smilehost.asia/,https://covid19.th-stat.com/,16/05/2021 11:50,26927,86,687,170,0,102,68,1,26154
439,3/15/21,https://www.kidkarnmai.com/,1,https://smilehost.asia/,https://covid19.th-stat.com/,16/05/2021 11:50,27005,87,684,78,1,-3,80,1,26234
440,3/16/21,https://www.kidkarnmai.com/,1,https://smilehost.asia/,https://covid19.th-stat.com/,16/05/2021 11:50,27154,87,768,149,0,84,65,1,26299
441,3/17/21,https://www.kidkarnmai.com/,1,https://smilehost.asia/,https://covid19.th-stat.com/,16/05/2021 11:50,27402,88,975,248,1,207,40,1,26339
442,3/18/21,https://www.kidkarnmai.com/,1,https://smilehost.asia/,https://covid19.th-stat.com/,16/05/2021 11:50,27494,89,1028,92,1,53,38,1,26377
443,3/19/21,https://www.kidkarnmai.com/,1,https://smilehost.asia/,https://covid19.th-stat.com/,16/05/2021 11:50,27594,90,1054,100,1,26,73,1,26450
444,3/20/21,https://www.kidkarnmai.com/,1,https://smilehost.asia/,https://covid19.th-stat.com/,16/05/2021 11:50,27713,90,1111,119,0,57,62,1,26512
445,3/21/21,https://www.kidkarnmai.com/,1,https://smilehost.asia/,https://covid19.th-stat.com/,16/05/2021 11:50,27803,90,1115,90,0,4,86,1,26598
446,3/22/21,https://www.kidkarnmai.com/,1,https://smilehost.asia/,https://covid19.th-stat.com/,16/05/2021 11:50,27876,91,1122,73,1,7,65,1,26663
447,3/23/21,https://www.kidkarnmai.com/,1,https://smilehost.asia/,https://covid19.th-stat.com/,16/05/2021 11:50,28277,92,1419,401,1,297,103,1,26766
448,3/24/21,https://www.kidkarnmai.com/,1,https://smilehost.asia/,https://covid19.th-stat.com/,16/05/2021 11:50,28346,92,1381,69,0,-38,107,1,26873
449,3/25/21,https://www.kidkarnmai.com/,1,https://smilehost.asia/,https://covid19.th-stat.com/,16/05/2021 11:50,28443,92,1405,97,0,24,73,1,26946
450,3/26/21,https://www.kidkarnmai.com/,1,https://smilehost.asia/,https://covid19.th-stat.com/,16/05/2021 11:50,28577,92,1453,134,0,48,86,1,27032
451,3/27/21,https://www.kidkarnmai.com/,1,https://smilehost.asia/,https://covid19.th-stat.com/,16/05/2021 11:50,28657,93,1428,80,1,-25,104,1,27136
452,3/28/21,https://www.kidkarnmai.com/,1,https://smilehost.asia/,https://covid19.th-stat.com/,16/05/2021 11:50,28734,94,1401,77,1,-27,103,1,27239
453,3/29/21,https://www.kidkarnmai.com/,1,https://smilehost.asia/,https://covid19.th-stat.com/,16/05/2021 11:50,28773,94,1366,39,0,-35,74,1,27313
454,3/30/21,https://www.kidkarnmai.com/,1,https://smilehost.asia/,https://covid19.th-stat.com/,16/05/2021 11:50,28821,94,1348,48,0,-18,66,1,27379
455,3/31/21,https://www.kidkarnmai.com/,1,https://smilehost.asia/,https://covid19.th-stat.com/,16/05/2021 11:50,28863,94,1343,42,0,-5,47,1,27426
456,4/1/21,https://www.kidkarnmai.com/,1,https://smilehost.asia/,https://covid19.th-stat.com/,16/05/2021 11:50,28889,94,1247,26,0,-96,122,1,27548
457,4/2/21,https://www.kidkarnmai.com/,1,https://smilehost.asia/,https://covid19.th-stat.com/,16/05/2021 11:50,28947,94,1247,58,0,0,58,1,27606
458,4/3/21,https://www.kidkarnmai.com/,1,https://smilehost.asia/,https://covid19.th-stat.com/,16/05/2021 11:50,29031,95,1268,84,1,21,62,1,27668
459,4/4/21,https://www.kidkarnmai.com/,1,https://smilehost.asia/,https://covid19.th-stat.com/,16/05/2021 11:50,29127,95,1258,96,0,-10,106,1,27774
460,4/5/21,https://www.kidkarnmai.com/,1,https://smilehost.asia/,https://covid19.th-stat.com/,16/05/2021 11:50,29321,95,1386,194,0,128,66,1,27840
461,4/6/21,https://www.kidkarnmai.com/,1,https://smilehost.asia/,https://covid19.th-stat.com/,16/05/2021 11:50,29571,95,1528,250,0,142,108,1,27948
462,4/7/21,https://www.kidkarnmai.com/,1,https://smilehost.asia/,https://covid19.th-stat.com/,16/05/2021 11:50,29905,95,1741,334,0,213,121,1,28069
463,4/8/21,https://www.kidkarnmai.com/,1,https://smilehost.asia/,https://covid19.th-stat.com/,16/05/2021 11:50,30310,95,2114,405,0,373,32,1,28101
464,4/9/21,https://www.kidkarnmai.com/,1,https://smilehost.asia/,https://covid19.th-stat.com/,16/05/2021 11:50,30869,96,2645,559,1,531,27,1,28128
465,4/10/21,https://www.kidkarnmai.com/,1,https://smilehost.asia/,https://covid19.th-stat.com/,16/05/2021 11:50,31658,97,3400,789,1,755,33,1,28161
466,4/11/21,https://www.kidkarnmai.com/,1,https://smilehost.asia/,https://covid19.th-stat.com/,16/05/2021 11:50,32625,97,4314,967,0,914,53,1,28214
467,4/12/21,https://www.kidkarnmai.com/,1,https://smilehost.asia/,https://covid19.th-stat.com/,16/05/2021 11:50,33610,97,5265,985,0,951,34,1,28248
468,4/13/21,https://www.kidkarnmai.com/,1,https://smilehost.asia/,https://covid19.th-stat.com/,16/05/2021 11:50,34575,97,6190,965,0,925,40,1,28288
469,4/14/21,https://www.kidkarnmai.com/,1,https://smilehost.asia/,https://covid19.th-stat.com/,16/05/2021 11:50,35913,97,7494,1338,0,1304,34,1,28322
470,4/15/21,https://www.kidkarnmai.com/,1,https://smilehost.asia/,https://covid19.th-stat.com/,16/05/2021 11:50,37456,97,8976,1543,0,1482,61,1,28383
471,4/16/21,https://www.kidkarnmai.com/,1,https://smilehost.asia/,https://covid19.th-stat.com/,16/05/2021 11:50,39038,97,10461,1582,0,1485,97,1,28480
472,4/17/21,https://www.kidkarnmai.com/,1,https://smilehost.asia/,https://covid19.th-stat.com/,16/05/2021 11:50,40585,99,11916,1547,2,1455,90,1,28570
473,4/18/21,https://www.kidkarnmai.com/,1,https://smilehost.asia/,https://covid19.th-stat.com/,16/05/2021 11:50,42352,101,13568,1767,2,1652,113,1,28683
474,4/19/21,https://www.kidkarnmai.com/,1,https://smilehost.asia/,https://covid19.th-stat.com/,16/05/2021 11:50,43742,104,14851,1390,3,1283,104,1,28787
475,4/20/21,https://www.kidkarnmai.com/,1,https://smilehost.asia/,https://covid19.th-stat.com/,16/05/2021 11:50,45185,108,16119,1443,4,1268,171,1,28958
476,4/21/21,https://www.kidkarnmai.com/,1,https://smilehost.asia/,https://covid19.th-stat.com/,16/05/2021 11:50,46643,110,17162,1458,2,1043,413,1,29371
477,4/22/21,https://www.kidkarnmai.com/,1,https://smilehost.asia/,https://covid19.th-stat.com/,16/05/2021 11:50,48113,117,18148,1470,7,986,477,1,29848
478,4/23/21,https://www.kidkarnmai.com/,1,https://smilehost.asia/,https://covid19.th-stat.com/,16/05/2021 11:50,50183,121,19873,2070,4,1725,341,1,30189
479,4/24/21,https://www.kidkarnmai.com/,1,https://smilehost.asia/,https://covid19.th-stat.com/,16/05/2021 11:50,53022,129,22327,2839,8,2454,377,1,30566
480,4/25/21,https://www.kidkarnmai.com/,1,https://smilehost.asia/,https://covid19.th-stat.com/,16/05/2021 11:50,55460,140,24207,2438,11,1880,547,1,31113
481,4/26/21,https://www.kidkarnmai.com/,1,https://smilehost.asia/,https://covid19.th-stat.com/,16/05/2021 11:50,57508,148,25767,2048,8,1560,480,1,31593
482,4/27/21,https://www.kidkarnmai.com/,1,https://smilehost.asia/,https://covid19.th-stat.com/,16/05/2021 11:50,59687,163,25973,2179,15,206,1958,1,33551
483,4/28/21,https://www.kidkarnmai.com/,1,https://smilehost.asia/,https://covid19.th-stat.com/,16/05/2021 11:50,61699,178,27119,2012,15,1146,851,1,34402
484,4/29/21,https://www.kidkarnmai.com/,1,https://smilehost.asia/,https://covid19.th-stat.com/,16/05/2021 11:50,63570,188,27988,1871,10,869,992,1,35394
485,4/30/21,https://www.kidkarnmai.com/,1,https://smilehost.asia/,https://covid19.th-stat.com/,16/05/2021 11:50,65153,203,28696,1583,15,708,860,1,36254
486,5/1/21,https://www.kidkarnmai.com/,1,https://smilehost.asia/,https://covid19.th-stat.com/,16/05/2021 11:50,67044,224,28745,1891,21,49,1821,1,38075
487,5/2/21,https://www.kidkarnmai.com/,1,https://smilehost.asia/,https://covid19.th-stat.com/,16/05/2021 11:50,68984,245,29481,1940,21,736,1183,1,39258
488,5/3/21,https://www.kidkarnmai.com/,1,https://smilehost.asia/,https://covid19.th-stat.com/,16/05/2021 11:50,71025,276,29765,2041,31,284,1726,1,40984
489,5/4/21,https://www.kidkarnmai.com/,1,https://smilehost.asia/,https://covid19.th-stat.com/,16/05/2021 11:50,72788,303,30011,1763,27,246,1490,1,42474
490,5/5/21,https://www.kidkarnmai.com/,1,https://smilehost.asia/,https://covid19.th-stat.com/,16/05/2021 11:50,74900,318,30222,2112,15,211,1886,1,44360
491,5/6/21,https://www.kidkarnmai.com/,1,https://smilehost.asia/,https://covid19.th-stat.com/,16/05/2021 11:50,76811,336,29680,1911,18,-542,2435,1,46795
492,5/7/21,https://www.kidkarnmai.com/,1,https://smilehost.asia/,https://covid19.th-stat.com/,16/05/2021 11:50,78855,363,29320,2044,27,-360,2377,1,49172
493,5/8/21,https://www.kidkarnmai.com/,1,https://smilehost.asia/,https://covid19.th-stat.com/,16/05/2021 11:50,81274,382,29473,2419,19,153,2247,1,51419
494,5/9/21,https://www.kidkarnmai.com/,1,https://smilehost.asia/,https://covid19.th-stat.com/,16/05/2021 11:50,83375,399,29371,2101,17,-102,2186,1,53605
495,5/10/21,https://www.kidkarnmai.com/,1,https://smilehost.asia/,https://covid19.th-stat.com/,16/05/2021 11:50,85005,421,29376,1630,22,5,1603,1,55208
496,5/11/21,https://www.kidkarnmai.com/,1,https://smilehost.asia/,https://covid19.th-stat.com/,16/05/2021 11:50,86924,452,29435,1919,31,59,1829,1,57037
497,5/12/21,https://www.kidkarnmai.com/,1,https://smilehost.asia/,https://covid19.th-stat.com/,16/05/2021 11:50,88907,486,29378,1983,34,-57,2006,1,59043
498,5/13/21,https://www.kidkarnmai.com/,1,https://smilehost.asia/,https://covid19.th-stat.com/,16/05/2021 11:50,93794,518,32661,4887,32,3283,1572,1,60615
499,5/14/21,https://www.kidkarnmai.com/,1,https://smilehost.asia/,https://covid19.th-stat.com/,16/05/2021 11:50,96050,548,33186,2256,30,525,1701,1,62316
500,5/15/21,https://www.kidkarnmai.com/,1,https://smilehost.asia/,https://covid19.th-stat.com/,16/05/2021 11:50,99145,565,34913,3095,17,1727,1351,1,63667
501,5/16/21,https://www.kidkarnmai.com/,1,https://smilehost.asia/,https://covid19.th-stat.com/,16/05/2021 11:50,101447,589,35055,2302,24,142,2136,1,65803
